SMILES,CID,PreferredName,IUPACName,PrimarySynonym,Synonyms
COC1=C(C2=C(C[C@H]3C4=CC(=C(C=C4CCN3C2)OC)OC)C=C1)OC,72301,"(13aS)-2,3,9,10-tetramethoxy-6,8,13,13a-tetrahydro-5H-isoquinolino[2,1-b]isoquinoline","(13aS)-2,3,9,10-tetramethoxy-6,8,13,13a-tetrahydro-5H-isoquinolino[2,1-b]isoquinoline",tetrahydropalmatine,"tetrahydropalmatine; 483-14-7; (-)-Tetrahydropalmatine; Gindarine; Hyndarine; Caseanine; (-)-Corydalis B; (-)-rotundine; Tetrahydropalmatine, l-; Tetrahydropalmatine, (-)-"
COC1=CC(=CC(=C1OC)OC)CCN,4076,"2-(3,4,5-trimethoxyphenyl)ethanamine","2-(3,4,5-trimethoxyphenyl)ethanamine",mescaline,"mescaline; Mescalin; 3,4,5-Trimethoxyphenethylamine; Mezcaline; 54-04-6; 2-(3,4,5-Trimethoxyphenyl)ethanamine; 3,4,5-Trimethoxybenzeneethanamine; 3,4,5-Trimethoxyphenylethylamine; Benzeneethanamine, 3,4,5-trimethoxy-; NSC-30419"
C1CN(CC2=C1NC3=C2C=C(C=C3)F)CCC4=CC=NC=C4,72038,"8-fluoro-2-(2-pyridin-4-ylethyl)-1,3,4,5-tetrahydropyrido[4,3-b]indole","8-fluoro-2-(2-pyridin-4-ylethyl)-1,3,4,5-tetrahydropyrido[4,3-b]indole",Carvotroline,"Carvotroline; 107266-08-0; carvotrolina; Wy-47791; 1Q63WWP8G5; DTXSID10147990; 1H-Pyrido(4,3-b)indole, 8-fluoro-2,3,4,5-tetrahydro-2-(2-(4-pyridinyl)ethyl)-; carvotrolinum; RefChem:123850; DTXCID6070481"
CC1=CC=CC=C1C(=O)NC2=CC=C(C=C2)C(=O)N3CCCC(C4=CC=CC=C43)N(C)C,119369,"N-[4-[5-(dimethylamino)-2,3,4,5-tetrahydro-1-benzazepine-1-carbonyl]phenyl]-2-methylbenzamide","N-[4-[5-(dimethylamino)-2,3,4,5-tetrahydro-1-benzazepine-1-carbonyl]phenyl]-2-methylbenzamide",Mozavaptan,"Mozavaptan; 137975-06-5; Opc-31260; Opc 31260; Mozavaptane; DTXSID8057641; 17OJ42922Y; DTXCID9031430; 5-Dimethylamino-1-(4-(2-methylbenzoylamino)benzoyl)-2,3,4,5-tetrahydro-1H-benzazepine; N-(4-(((5RS)-5-(Dimethylamino)-2,3,4,5-tetrahydro-1H-1-benzazepin-1-yl)carbonyl)phenyl)-2-methylbenzamide"
CC1=CC2=NC=C(N=C2C=C1C)C3=CC=CC=C3,2048,"6,7-dimethyl-2-phenylquinoxaline","6,7-dimethyl-2-phenylquinoxaline",ag1295,"ag1295; AG 1295; AG-1295; RefChem:915241; 6,7-Dimethyl-2-phenylquinoxaline; 71897-07-9; 6,7-Dimethyl-2-phenyl-quinoxaline; TYRPHOSTIN AG 1295; 2-Phenyl-6,7-dimethylquinoxaline; CHEMBL7724"
C1CN(CCC1C2(CCC(=O)NC2=O)C3=CC=CC=C3)CC4=CC=CC=C4,21847,"3-(1-benzylpiperidin-4-yl)-3-phenylpiperidine-2,6-dione","3-(1-benzylpiperidin-4-yl)-3-phenylpiperidine-2,6-dione",Benzetimide,Benzetimide; 14051-33-3; Benzetimidum; Spasmental; bencetimida; 2-(1-Benzyl-4-piperidyl)-2-phenylglutarimide; B987T0L5FX; DTXSID2046173; 2-[1-BENZYL-4-PIPERIDYL]-2-PHENYLGLUTARIMIDE; DTXCID0026173
CCCN1C=C2C(=N1)N=C(N3C2=NC(=N3)C4=CC=CO4)NC(=O)NC5=CC=C(C=C5)OC,5310960,"1-[4-(furan-2-yl)-11-propyl-3,5,6,8,10,11-hexazatricyclo[7.3.0.02,6]dodeca-1(12),2,4,7,9-pentaen-7-yl]-3-(4-methoxyphenyl)urea","1-[4-(furan-2-yl)-11-propyl-3,5,6,8,10,11-hexazatricyclo[7.3.0.02,6]dodeca-1(12),2,4,7,9-pentaen-7-yl]-3-(4-methoxyphenyl)urea",MRE 3008-F20,"MRE 3008-F20; MRE 3008F20; 3-(4-(furan-2-yl)-11-propyl-3,5,6,8,10,11-hexaazatricyclo(7.3.0.0^(2,6))dodeca-1(12),2,4,7,9-pentaen-7-yl)-1-(4-methoxyphenyl)urea; 3-[4-(furan-2-yl)-11-propyl-3,5,6,8,10,11-hexaazatricyclo[7.3.0.0^{2,6}]dodeca-1(12),2,4,7,9-pentaen-7-yl]-1-(4-methoxyphenyl)urea; MRE-3008-F20; RefChem:926175; 252979-43-4; MCP-NECA; MRE3008F20; MRE-3008F20"
CC1=CC(=C(C=C1)O)[C@H](CCN(C(C)C)C(C)C)C2=CC=CC=C2,443879,2-[(1R)-3-[di(propan-2-yl)amino]-1-phenylpropyl]-4-methylphenol,2-[(1R)-3-[di(propan-2-yl)amino]-1-phenylpropyl]-4-methylphenol,tolterodine,tolterodine; 124937-51-5; (+)-Tolterodine; Tolterodinum; Kabi 2234; Tolterodina; Kabi-2234; WHE7A56U7K; 2-[(1R)-3-[di(propan-2-yl)amino]-1-phenylpropyl]-4-methylphenol; (+)-(R)-2-(alpha-(2-(Diisopropylamino)ethyl)benzyl)-p-cresol
COC1=C(C=C2C(=C1)[C@]34CCN5[C@H]3C[C@@H]6[C@@H]7[C@@H]4N2C(=O)C[C@@H]7OCC=C6C5)OC,442021,"(4aR,5aS,8aR,13aS,15aS,15bR)-10,11-dimethoxy-4a,5,5a,7,8,13a,15,15a,15b,16-decahydro-2H-4,6-methanoindolo[3,2,1-ij]oxepino[2,3,4-de]pyrrolo[2,3-h]quinolin-14-one","(4aR,5aS,8aR,13aS,15aS,15bR)-10,11-dimethoxy-4a,5,5a,7,8,13a,15,15a,15b,16-decahydro-2H-4,6-methanoindolo[3,2,1-ij]oxepino[2,3,4-de]pyrrolo[2,3-h]quinolin-14-one",BRUCINE,"BRUCINE; 357-57-3; 10,11-Dimethoxystrychnine; Brucinum; (-)-Brucine; 2,3-Dimethoxystrychnine; 2,3-Dimethoxystrychnidin-10-one; Bruzin; l-Brucine; Brucine alkaloid"
C1=CC(=CC=C1N2C(=O)C=CC2=O)N3C(=O)C=CC3=O,76765,"1-[4-(2,5-dioxopyrrol-1-yl)phenyl]pyrrole-2,5-dione","1-[4-(2,5-dioxopyrrol-1-yl)phenyl]pyrrole-2,5-dione",3278-31-7,"3278-31-7; N,N'-1,4-Phenylenedimaleimide; N,N'-4-Phenylenedimaleimide; BEC7P1E6J1; 1,4-phenylenebismaleimide; NSC-81257; DTXSID70186446; (MalN)2Ph; RefChem:821710; p-N,N'-phenylenebismaleimide"
C1=C(C=C2C(=C1CNCP(=O)(O)O)NC(=O)C(=O)N2)[N+](=O)[O-],5491960,"[(7-nitro-2,3-dioxo-1,4-dihydroquinoxalin-5-yl)methylamino]methylphosphonic acid","[(7-nitro-2,3-dioxo-1,4-dihydroquinoxalin-5-yl)methylamino]methylphosphonic acid",Becampanel,"Becampanel; 188696-80-2; AMP-397; X3D0O800AJ; DTXSID50172241; ((7-Nitro-2,3-dioxo-1,2,3,4-tetrahydroquinoxalin-5-yl)methylamino)methylphosphonic acid; becampanelum; RefChem:116854; DTXCID0094732; AMP397"
CC(COC1=CC=CC=C1)NC(C)C(C2=CC=C(C=C2)O)O,3783,4-[1-hydroxy-2-(1-phenoxypropan-2-ylamino)propyl]phenol,4-[1-hydroxy-2-(1-phenoxypropan-2-ylamino)propyl]phenol,Vasodilian,"Vasodilian; Isoxuprine; 4-[1-hydroxy-2-(1-phenoxypropan-2-ylamino)propyl]phenol; Vasosurpine; 1-(p-hydroxyphenyl)-1-propanol; Benzenemethanol, 4-hydroxy-.alpha.-[1-[(1-methyl-2-phenoxyethyl)amino]ethyl]-; p-Hydroxy-N-(1-methyl-2-phenoxyethyl)norephedrine; Isoxsuprine (INN); Benzyl alcohol, p-hydroxy-.alpha.-(1-((1-methyl-2-phenoxyethyl)amino)ethyl)-; 2-(3-Phenoxy-2-propylamino)-1-(p-hydroxyphenyl)-1-propanol"
C=CCN(C1=C(C=CC=C1Cl)Cl)C2=NCCN2,36354,"N-(2,6-dichlorophenyl)-N-prop-2-enyl-4,5-dihydro-1H-imidazol-2-amine","N-(2,6-dichlorophenyl)-N-prop-2-enyl-4,5-dihydro-1H-imidazol-2-amine",Alinidine,Alinidine; 33178-86-8; ST-567; Alinidina; Alinidinum; DTXSID4022571; E7IDJ8DS1D; St 567 br (as hbr); St 567-br (as hbr); St-567-br-(as-hbr)
C[N+]1(CCC2=CC(=C(C=C2C1CC3=CC(=C(C=C3)OC)OC)OC)OC)CCC(=O)OCCCCCOC(=O)CC[N+]4(CCC5=CC(=C(C=C5C4CC6=CC(=C(C=C6)OC)OC)OC)OC)C,47319,"5-[3-[1-[(3,4-dimethoxyphenyl)methyl]-6,7-dimethoxy-2-methyl-3,4-dihydro-1H-isoquinolin-2-ium-2-yl]propanoyloxy]pentyl 3-[1-[(3,4-dimethoxyphenyl)methyl]-6,7-dimethoxy-2-methyl-3,4-dihydro-1H-isoquinolin-2-ium-2-yl]propanoate","5-[3-[1-[(3,4-dimethoxyphenyl)methyl]-6,7-dimethoxy-2-methyl-3,4-dihydro-1H-isoquinolin-2-ium-2-yl]propanoyloxy]pentyl 3-[1-[(3,4-dimethoxyphenyl)methyl]-6,7-dimethoxy-2-methyl-3,4-dihydro-1H-isoquinolin-2-ium-2-yl]propanoate",Atracurium,"Atracurium; 64228-79-1; 5-[3-[1-[(3,4-dimethoxyphenyl)methyl]-6,7-dimethoxy-2-methyl-3,4-dihydro-1H-isoquinolin-2-ium-2-yl]propanoyloxy]pentyl 3-[1-[(3,4-dimethoxyphenyl)methyl]-6,7-dimethoxy-2-methyl-3,4-dihydro-1H-isoquinolin-2-ium-2-yl]propanoate; Atracurium ion; Atracurium cation; 2GQ1IRY63P; CHEBI:2914; DTXSID9043726; 1-[(3,4-dimethoxyphenyl)methyl]-2-[3-({5-[(3-{1-[(3,4-dimethoxyphenyl)methyl]-6,7-dimethoxy-2-methyl-1,2,3,4-tetrahydroisoquinolin-2-ium-2-yl}propanoyl)oxy]pentyl}oxy)-3-oxopropyl]-6,7-dimethoxy-2-methyl-1,2,3,4-tetrahydroisoquinolin-2-ium; Isoquinolinium, 2,2'-(1,5-pentanediylbis(oxy(3-oxo-3,1-propanediyl)))bis(1-((3,4-dimethoxyphenyl)methyl)-1,2,3,4-tetrahydro-6,7-dimethoxy-2-methyl-"
CCCC(=O)NC1=CC(=C(C=C1)OCC(CNC(C)C)O)C(=O)C,1978,N-[3-acetyl-4-[2-hydroxy-3-(propan-2-ylamino)propoxy]phenyl]butanamide,N-[3-acetyl-4-[2-hydroxy-3-(propan-2-ylamino)propoxy]phenyl]butanamide,acebutolol,acebutolol; 37517-30-9; Acetobutolol; Acebutololo; Acebutololum; (+-)-Acebutolol; 5'-Butyramido-2'-(2-hydroxy-3-isopropylaminopropoxy)acetophenone; N-(3-acetyl-4-{2-hydroxy-3-[(propan-2-yl)amino]propoxy}phenyl)butanamide; CHEBI:2379; 3'-Acetyl-4'-(2-hydroxy-3-(isopropylamino)propoxy)butyranilide
COC1=CC(=C(C=C1)C(=O)C2=CC=CC=C2)O,4632,(2-hydroxy-4-methoxyphenyl)-phenylmethanone,(2-hydroxy-4-methoxyphenyl)-phenylmethanone,oxybenzone,oxybenzone; 131-57-7; 2-HYDROXY-4-METHOXYBENZOPHENONE; Benzophenone-3; 2-Benzoyl-5-methoxyphenol; Advastab 45; 4-Methoxy-2-hydroxybenzophenone; Oxibenzona; Oxybenzon; Anuvex
C1=CC(=CC(=C1)Cl)N=C(N)N=C(N)N,1354,2-(3-chlorophenyl)-1-(diaminomethylidene)guanidine,2-(3-chlorophenyl)-1-(diaminomethylidene)guanidine,1-(3-Chlorophenyl)biguanide,1-(3-Chlorophenyl)biguanide; 48144-44-1; 1-(m-Chlorophenyl)biguanide; N-(3-Chlorophenyl)imidodicarbonimidic diamide; 910A4X901V; DTXSID70197436; RefChem:926774; DTXCID80119927; m-Chlorophenylbiguanide; mCPBG
COC1=C(C=C(C=C1)CCN2CCN(CC2)CCCC3=CC=CC=C3)OC,9907323,"1-[2-(3,4-dimethoxyphenyl)ethyl]-4-(3-phenylpropyl)piperazine","1-[2-(3,4-dimethoxyphenyl)ethyl]-4-(3-phenylpropyl)piperazine",Cutamesine,"Cutamesine; 165377-43-5; 1-[2-(3,4-dimethoxyphenyl)ethyl]-4-(3-phenylpropyl)piperazine; 9J7A4144BX; DTXSID50167935; 1-(2-(3,4-DIMETHOXYPHENYL)ETHYL)-4-(3-PHENYLPROPYL)PIPERAZINE; cutamesina; cutamesinum; RefChem:128968; DTXCID9090426"
CN1C2=CC=CC=C2C(=N[C@@H](C1=O)NC(=O)[C@H](CCC(F)(F)F)[C@H](CCC(F)(F)F)C(=O)N)C3=CC=CC=C3,66550890,"(2S,3R)-N'-[(3S)-1-methyl-2-oxo-5-phenyl-3H-1,4-benzodiazepin-3-yl]-2,3-bis(3,3,3-trifluoropropyl)butanediamide","(2S,3R)-N'-[(3S)-1-methyl-2-oxo-5-phenyl-3H-1,4-benzodiazepin-3-yl]-2,3-bis(3,3,3-trifluoropropyl)butanediamide",BMS-906024,BMS-906024; 1401066-79-2; Osugacestat; BMS 906024; AL101; DRL23N424R; AL-101; BM0018; BM-0018; DTXSID30161234
C1=CC(=C(C=C1C2=C(C=C(C=C2)F)F)C(=O)O)O,3059,"5-(2,4-difluorophenyl)-2-hydroxybenzoic acid","5-(2,4-difluorophenyl)-2-hydroxybenzoic acid",diflunisal,"diflunisal; 22494-42-4; Dolobid; Dolobis; Flovacil; 5-(2,4-Difluorophenyl)salicylic acid; 5-(2,4-difluorophenyl)-2-hydroxybenzoic acid; Diflunisalum; 2',4'-Difluoro-4-hydroxy-3-biphenylcarboxylic acid; 2-(Hydroxy)-5-(2,4-difluorophenyl)benzoic acid"
CC([C@]12COC(=O)C=C[C@H]1[C@@]3(CC[C@@H]4[C@@]([C@H]3[C@@H]([C@@H]2OC(=O)C)OC(=O)C)([C@@H]([C@@H]([C@@]5([C@]4(CC(=C)[C@@H]6[C@]5(O6)C(=O)OC)O)C)OC(=O)C)OC(=O)C)C)C)OC(=O)C,11643509,"methyl (1S,2R,3S,4R,5R,6S,8R,11R,12R,15S,16S,22R,23R,24S)-3,4,23,24-tetraacetyloxy-22-(1-acetyloxyethyl)-11-hydroxy-2,5,15-trimethyl-9-methylidene-19-oxo-7,20-dioxahexacyclo[13.9.0.02,12.05,11.06,8.016,22]tetracos-17-ene-6-carboxylate","methyl (1S,2R,3S,4R,5R,6S,8R,11R,12R,15S,16S,22R,23R,24S)-3,4,23,24-tetraacetyloxy-22-(1-acetyloxyethyl)-11-hydroxy-2,5,15-trimethyl-9-methylidene-19-oxo-7,20-dioxahexacyclo[13.9.0.02,12.05,11.06,8.016,22]tetracos-17-ene-6-carboxylate",Correolide,"Correolide; methyl (1S,2R,3S,4R,5R,6S,8R,11R,12R,15S,16S,22R,23R,24S)-3,4,23,24-tetraacetyloxy-22-(1-acetyloxyethyl)-11-hydroxy-2,5,15-trimethyl-9-methylidene-19-oxo-7,20-dioxahexacyclo(13.9.0.02,12.05,11.06,8.016,22)tetracos-17-ene-6-carboxylate; methyl (1S,2R,3S,4R,5R,6S,8R,11R,12R,15S,16S,22R,23R,24S)-3,4,23,24-tetraacetyloxy-22-(1-acetyloxyethyl)-11-hydroxy-2,5,15-trimethyl-9-methylidene-19-oxo-7,20-dioxahexacyclo[13.9.0.02,12.05,11.06,8.016,22]tetracos-17-ene-6-carboxylate; RefChem:128067; (3S,4S,5S)-5-(hydroxymethyl)tetrahydrofuran-2,3,4-triol; C13849; GTPL2555; CHEBI:34654; Q27076888"
COC1=C2C=CC(=O)OC2=CC3=C1C=CO3,2355,"4-methoxyfuro[3,2-g]chromen-7-one","4-methoxyfuro[3,2-g]chromen-7-one",Bergapten,Bergapten; 5-Methoxypsoralen; 484-20-8; bergaptene; Heraclin; Majudin; BERGAPTAN; 5-Mop; Psoraderm; O-Methylbergaptol
C[N@+]1(CCC2=CC(=C(C=C2[C@H]1CC3=CC(=C(C(=C3)OC)OC)OC)OC)OC)CCCOC(=O)/C(=C/C(=O)OCCC[N@+]4(CCC5=CC(=C(C=C5[C@@H]4C6=CC(=C(C(=C6)OC)OC)OC)OC)OC)C)/Cl.[Cl-].[Cl-],10772467,"4-O-[3-[(1S,2R)-6,7-dimethoxy-2-methyl-1-(3,4,5-trimethoxyphenyl)-3,4-dihydro-1H-isoquinolin-2-ium-2-yl]propyl] 1-O-[3-[(1R,2S)-6,7-dimethoxy-2-methyl-1-[(3,4,5-trimethoxyphenyl)methyl]-3,4-dihydro-1H-isoquinolin-2-ium-2-yl]propyl] (Z)-2-chlorobut-2-enedioate dichloride","4-O-[3-[(1S,2R)-6,7-dimethoxy-2-methyl-1-(3,4,5-trimethoxyphenyl)-3,4-dihydro-1H-isoquinolin-2-ium-2-yl]propyl] 1-O-[3-[(1R,2S)-6,7-dimethoxy-2-methyl-1-[(3,4,5-trimethoxyphenyl)methyl]-3,4-dihydro-1H-isoquinolin-2-ium-2-yl]propyl] (Z)-2-chlorobut-2-enedioate dichloride",Gantacurium chloride,"Gantacurium chloride; 213998-46-0; GW-280430A; Gantacurium (chloride); GW280430A; LEY8QK99UR; 213998-46-0 (Gantacurium chloride); AV-4430A; GW-280430; (1S,2R)-2-(3-(((Z)-3-chloro-4-(3-((1R,2S)-6,7-dimethoxy-2-methyl-1-(3,4,5-trimethoxybenzyl)-1,2,3,4-tetrahydroisoquinolin-2-ium-2-yl)propoxy)-4-oxobut-2-enoyl)oxy)propyl)-6,7-dimethoxy-2-methyl-1-(3,4,5-trimethoxyphenyl)-1,2,3,4-tetrahydroisoquinolin-2-ium chloride"
COC1=CC(=CC(=C1OC)OC)CC2C3=CC(=C(C=C3CCN2)O)O.Cl,29137,"1-[(3,4,5-trimethoxyphenyl)methyl]-1,2,3,4-tetrahydroisoquinoline-6,7-diol;hydrochloride","1-[(3,4,5-trimethoxyphenyl)methyl]-1,2,3,4-tetrahydroisoquinoline-6,7-diol;hydrochloride","6,7-ISOQUINOLINEDIOL, 1,2,3,4-TETRAHYDRO-1-((3,4,5-TRIMETHOXYPHENYL)METHYL)-, HYDROCHLORIDE (1:1)","6,7-ISOQUINOLINEDIOL, 1,2,3,4-TETRAHYDRO-1-((3,4,5-TRIMETHOXYPHENYL)METHYL)-, HYDROCHLORIDE (1:1); RefChem:1073614; 18559-63-2; Trimetoquinol; Inolin; (+/-)-TRIMETOQUINOL HYDROCHLORIDE; Trimetoquinol-hydrochloride; AQL 208; Trikvinol (triquinol) hydrochloride; 1-[(3,4,5-trimethoxyphenyl)methyl]-1,2,3,4-tetrahydroisoquinoline-6,7-diol;hydrochloride"
C1=CC(=C(C=C1O)O)C2=C(C(=O)C3=C(C=C(C=C3O2)O)O)O,5281670,"2-(2,4-dihydroxyphenyl)-3,5,7-trihydroxychromen-4-one","2-(2,4-dihydroxyphenyl)-3,5,7-trihydroxychromen-4-one",morin,"morin; 480-16-0; Aurantica; 2',3,4',5,7-Pentahydroxyflavone; Calico Yellow; Al-Morin; Toxylon Pomiferum; Bois d,Arc; Bois d'arc; C.I. Natural Yellow 8"
C=CC/C=C/C/C=C/CCCCCCCC1=C(C(=CC=C1)O)C(=O)O,5388781,"2-hydroxy-6-[(8E,11E)-pentadeca-8,11,14-trienyl]benzoic acid","2-hydroxy-6-[(8E,11E)-pentadeca-8,11,14-trienyl]benzoic acid",Anacardic acid C15:3,"Anacardic acid C15:3; 18654-18-7; 2-Hydroxy-6-(8,11,14-pentadecatrienyl)benzoic acid; 2-hydroxy-6-[(8E,11E)-pentadeca-8,11,14-trienyl]benzoic acid; CHEMBL464925; 8,11,14-Anacardic acid; 6-(8(Z),11(Z),14-Pentadecatrienyl)salicylic acid; NSC638512; 2-Hydroxy-6-(pentadeca-8,11,14-trien-1-yl)benzoic acid; F5X3PZ4LDA"
CN1C(=O)CN=C(C2=C1C=CC(=C2)[N+](=O)[O-])C3=CC=CC=C3F,3380,"5-(2-fluorophenyl)-1-methyl-7-nitro-3H-1,4-benzodiazepin-2-one","5-(2-fluorophenyl)-1-methyl-7-nitro-3H-1,4-benzodiazepin-2-one",flunitrazepam,flunitrazepam; Rohypnol; Narcozep; 1622-62-4; Roipnol; Primun; flunipam; Flunitrazepamum; Fluridrazepam; Silece
CC(CN(C)C)C(C)(CC1=CC=C(C=C1)Cl)O,26937,"1-(4-chlorophenyl)-4-(dimethylamino)-2,3-dimethylbutan-2-ol","1-(4-chlorophenyl)-4-(dimethylamino)-2,3-dimethylbutan-2-ol",Clobutinol,"Clobutinol; 14860-49-2; Clobutinolum; Iversal; 1-(4-chlorophenyl)-4-(dimethylamino)-2,3-dimethylbutan-2-ol; KAT 256 FREE BASE; KAT-256 FREE BASE; 1NY2IX043A; R05DB03; DTXSID2022838"
C1=CC=C(C=C1)[C@H](CCN)OC2=CC=C(C=C2)C(F)(F)F,3058751,(3S)-3-phenyl-3-[4-(trifluoromethyl)phenoxy]propan-1-amine,(3S)-3-phenyl-3-[4-(trifluoromethyl)phenoxy]propan-1-amine,(S)-Norfluoxetine,"(S)-Norfluoxetine; 126924-38-7; SEPROXETINE; Seproxetine [INN]; Norfluoxetine, (s)-; seproxetina; UNII-25CO3X0R31; 25CO3X0R31; SEPROXETINE [WHO-DD]; DTXSID001019529"
CCC1=C2CN3C(=CC4=C(C3=O)COC(=O)[C@@]4(CC)O)C2=NC5=C1C=C(C=C5)OC(=O)N6CCC(CC6)N7CCCCC7,60838,"[(19S)-10,19-diethyl-19-hydroxy-14,18-dioxo-17-oxa-3,13-diazapentacyclo[11.8.0.02,11.04,9.015,20]henicosa-1(21),2,4(9),5,7,10,15(20)-heptaen-7-yl] 4-piperidin-1-ylpiperidine-1-carboxylate","[(19S)-10,19-diethyl-19-hydroxy-14,18-dioxo-17-oxa-3,13-diazapentacyclo[11.8.0.02,11.04,9.015,20]henicosa-1(21),2,4(9),5,7,10,15(20)-heptaen-7-yl] 4-piperidin-1-ylpiperidine-1-carboxylate",irinotecan,irinotecan; 97682-44-5; (+)-Irinotecan; Irinophore C; Irinotecanum; Biotecan; Irinotecan lactone; Irinotecan mylan; HSDB 7607; NSC-728073
CCCCCC(C1=CC(=CC=C1)OCC2=NC3=CC=CC=C3C=C2)O,5059,1-[3-(quinolin-2-ylmethoxy)phenyl]hexan-1-ol,1-[3-(quinolin-2-ylmethoxy)phenyl]hexan-1-ol,101910-24-1,"101910-24-1; REV-5901; alpha-Pentyl-3-(2-quinolinylmethoxy)benzenemethanol; PF-5901; Benzenemethanol, alpha-pentyl-3-(2-quinolinylmethoxy)-; RG-5901; WNW5RYD8MG; RefChem:555905; Rev 5901; 1-[3-(quinolin-2-ylmethoxy)phenyl]hexan-1-ol"
CCC(=O)C1=CC2=C(C=C1)SC3=CC=CC=C3N2CC(C)N(C)C,4940,1-[10-[2-(dimethylamino)propyl]phenothiazin-2-yl]propan-1-one,1-[10-[2-(dimethylamino)propyl]phenothiazin-2-yl]propan-1-one,propiomazine,propiomazine; 362-29-8; Propionylpromethazine; Phenoctyl; Propiomazina; Propiomazinum; Wy-1359; CB 1678; 2-Propionyl-10-(2-(dimethylamino)propyl)phenothiazine; 3-Propionyl-10-dimethylaminoisopropylphenothiazine
CC1=C(C(CCC1)(C)C)/C=C/C(=C/C=C/C(=C/C(=O)NC2=CC=C(C=C2)O)/C)/C,5288209,"(2E,4E,6E,8E)-N-(4-hydroxyphenyl)-3,7-dimethyl-9-(2,6,6-trimethylcyclohexen-1-yl)nona-2,4,6,8-tetraenamide","(2E,4E,6E,8E)-N-(4-hydroxyphenyl)-3,7-dimethyl-9-(2,6,6-trimethylcyclohexen-1-yl)nona-2,4,6,8-tetraenamide",FENRETINIDE,FENRETINIDE; 65646-68-6; N-(4-Hydroxyphenyl)retinamide; 4-hydroxyphenylretinamide; 4-HPR; 4-Hydroxyphenyl retinamide; all-trans-4'-Hydroxyretinanilide; Fenretinida; McN-R-1967; Fenretinidum
CNCCCCOC1=CC=CC=C1CC2=CC=CC=C2,2377,4-(2-benzylphenoxy)-N-methylbutan-1-amine,4-(2-benzylphenoxy)-N-methylbutan-1-amine,Bifemelane,Bifemelane; 90293-01-9; 4-(2-benzylphenoxy)-N-methylbutan-1-amine; Bifemelano; Bifemelanum; MCI-2016; DTXSID1045663; Z4501GN13G; 2-(4-methylaminobutoxy)diphenylmethane; 4-(2-benzylphenoxy)-N-methylbutylamine
C1C(=O)NC2=C(C=C(C=C2)Cl)C(=N1)C3=CC=CC=C3Cl,17925,"7-chloro-5-(2-chlorophenyl)-1,3-dihydro-1,4-benzodiazepin-2-one","7-chloro-5-(2-chlorophenyl)-1,3-dihydro-1,4-benzodiazepin-2-one",Delorazepam,"Delorazepam; Chlordemethyldiazepam; 2894-67-9; B1, Benzodiazepine; Cl-DMDZ; 2-Chloronordiazepam; 2'-chloronordiazepam; Dadumir; Ro 5-3027; RV-12165"
CC(C)[C@@H](C1=CC=CC=C1)C(=O)NC2=CC=C(C=C2)C(=O)NO,6918848,N-hydroxy-4-[[(2S)-3-methyl-2-phenylbutanoyl]amino]benzamide,N-hydroxy-4-[[(2S)-3-methyl-2-phenylbutanoyl]amino]benzamide,AR-42,AR-42; 935881-37-1; (S)-N-Hydroxy-4-(3-methyl-2-phenylbutanamido)benzamide; (S)-HDAC-42; OSU-HDAC42; HDAC-42; (S)-HDAC 42; AR 42; OSU-HDAC 42; E0GG29V0AQ
CCCCC[C@@H](C1=CC=C(C=C1)N2[C@H](CCC2=O)COCC3=CC=C(S3)C(=O)OC(C)C)O,46902081,propan-2-yl 5-[[(2R)-1-[4-[(1S)-1-hydroxyhexyl]phenyl]-5-oxopyrrolidin-2-yl]methoxymethyl]thiophene-2-carboxylate,propan-2-yl 5-[[(2R)-1-[4-[(1S)-1-hydroxyhexyl]phenyl]-5-oxopyrrolidin-2-yl]methoxymethyl]thiophene-2-carboxylate,SIMENEPAG ISOPROPYL,"SIMENEPAG ISOPROPYL; Simenepag isopropyl [USAN]; 910562-13-9; AGN-210669; UNII-8908HU0G4K; 8908HU0G4K; AGN 210669; Simenepag isopropyl (USAN); SIMENEPAG ISOPROPYL [WHO-DD]; 2-Thiophenecarboxylic acid, 5-((((2R)-1-(4-((1S)-1-hydroxyhexyl)phenyl)-5-oxo-2-pyrrolidinyl)methoxy)methyl)-, 1-methylethyl ester"
C1=CC(=CC=C1CCNC2=CC(=C(C=C2)O)C(=O)O)C(F)(F)F,16042343,2-hydroxy-5-[2-[4-(trifluoromethyl)phenyl]ethylamino]benzoic acid,2-hydroxy-5-[2-[4-(trifluoromethyl)phenyl]ethylamino]benzoic acid,AAD-2004,"AAD-2004; Crisdesalazine; 927685-43-6; Benzoic acid, 2-hydroxy-5-((2-(4-(trifluoromethyl)phenyl)ethyl)amino)-; 2-hydroxy-5-[2-[4-(trifluoromethyl)phenyl]ethylamino]benzoic acid; 11VWK61J69; Benzoic acid, 2-hydroxy-5-[[2-[4-(trifluoromethyl)phenyl]ethyl]amino]-; 2-HYDROXY-5-({2-[4-(TRIFLUOROMETHYL)PHENYL]ETHYL}AMINO)BENZOIC ACID; 2-HYDROXY-5-((2-(4-(TRIFLUOROMETHYL)PHENYL)ETHYL)AMINO)BENZOIC ACID; crisdesalazina"
CCCCCCCCCCCCS[C@@H](C1=CC=CC=C1)C(=O)NC2=C(C(=C(C(=C2)C)O)C)C,9804740,"(2S)-2-dodecylsulfanyl-N-(4-hydroxy-2,3,5-trimethylphenyl)-2-phenylacetamide","(2S)-2-dodecylsulfanyl-N-(4-hydroxy-2,3,5-trimethylphenyl)-2-phenylacetamide",Eflucimibe,"Eflucimibe; 202340-45-2; EFLUCIMIBUM; f-12511; eflucimiba; 3DK1X2C37M; (S)-2',3',5'-Trimethyl-4'-hydroxy-alpha-dodecylthioacetanilide; DTXSID70174085; RefChem:136335; F 12511"
C1=CC=C2C(=C1)C(=O)C3=C(C=CC(=C3C2=O)NCCNCCO)NCCNCCO,2134,"1,4-bis[2-(2-hydroxyethylamino)ethylamino]anthracene-9,10-dione","1,4-bis[2-(2-hydroxyethylamino)ethylamino]anthracene-9,10-dione",Ametantrone,"Ametantrone; 64862-96-0; Ametantrona; NSC-196473; Ametantronum; NSC 196473; 1,4-bis[2-(2-hydroxyethylamino)ethylamino]anthracene-9,10-dione; PNT6041ST1; NSC196473; DTXSID60215153"
C1CCN(CC1)CC2COC3=CC=CC=C3O2,6040,"1-(2,3-dihydro-1,4-benzodioxin-3-ylmethyl)piperidine","1-(2,3-dihydro-1,4-benzodioxin-3-ylmethyl)piperidine",Piperoxan,Piperoxan; 59-39-2; Piperoxane; Benodaine; Piperoxano; 933F; Fourneau-933; Piperoxanum; (rs)-piperoxane; DTXSID1046269
CC1=C(N=CN1)CN2CCC3=C(C2=O)C4=CC=CC=C4N3C,2099,"5-methyl-2-[(5-methyl-1H-imidazol-4-yl)methyl]-3,4-dihydropyrido[4,3-b]indol-1-one","5-methyl-2-[(5-methyl-1H-imidazol-4-yl)methyl]-3,4-dihydropyrido[4,3-b]indol-1-one",alosetron,"alosetron; 122852-42-0; GR68755; GR 68755; 5-methyl-2-[(5-methyl-1H-imidazol-4-yl)methyl]-3,4-dihydropyrido[4,3-b]indol-1-one; A03AE01; CHEBI:253342; 13Z9HTH115; 2,3,4,5-Tetrahydro-5-methyl-2-((5-methyl-1H-imidazol-4-yl)methyl)-1H-pyrido(4,3-b)indol-1-one; 1H-Pyrido(4,3-b)indol-1-one, 2,3,4,5-tetrahydro-5-methyl-2-((5-methyl-1H-imidazol-4-yl)methyl)-"
Cl,313,chlorane,chlorane,hydrochloric acid,hydrochloric acid; hydrogen chloride; 7647-01-0; Muriatic acid; chlorane; Chlorohydric acid; Anhydrous hydrochloric acid; Acide chlorhydrique; Chlorwasserstoff; Muriaticum acidum
CC1=NC2=C(N1)C=C(C=C2)C(C3=CC=CC=C3)N4C=CN=C4,71330,6-[imidazol-1-yl(phenyl)methyl]-2-methyl-1H-benzimidazole,6-[imidazol-1-yl(phenyl)methyl]-2-methyl-1H-benzimidazole,Irtemazole,"Irtemazole; 115574-30-6; Irtemazol; Irtemazolum; AAK27WY74I; R-60844; DTXSID80869596; R60844; 5-((1H-imidazol-1-yl)phenylmethyl)-2-methyl-1H-benzimidazole; 1H-Benzimidazole, 5-(1H-imidazol-1-ylphenylmethyl)-2-methyl-, (+-)-"
C1=CC(=C(C(=C1)OCC2=CC=C(C=C2)C(=O)O)C=O)O,55223,4-[(2-formyl-3-hydroxyphenoxy)methyl]benzoic acid,4-[(2-formyl-3-hydroxyphenoxy)methyl]benzoic acid,TUCARESOL,"TUCARESOL; 84290-27-7; 4-[(2-formyl-3-hydroxyphenoxy)methyl]benzoic acid; 4-((2-Formyl-3-hydroxyphenoxy)methyl)benzoic acid; 589C; BW A589C; JH368G5B9M; BW-589C; Benzoic acid, 4-[(2-formyl-3-hydroxyphenoxy)methyl]-; BWA 589C"
C1=CC=C2C(=C1)C(=CN2CC(=O)O)CC3=NC4=C(C(=CC(=C4S3)F)F)F,157839,"2-[3-[(4,5,7-trifluoro-1,3-benzothiazol-2-yl)methyl]indol-1-yl]acetic acid","2-[3-[(4,5,7-trifluoro-1,3-benzothiazol-2-yl)methyl]indol-1-yl]acetic acid",Lidorestat,Lidorestat; 245116-90-9; IDD-676; Lidorestat anhydrous; Lindolrestat; Lindorestat; EML 676; IDD 676; IDD-000676-01; R3734K0M7L
C1=CC(=CC=C1C2=COC3=C(C2=O)C=CC(=C3[C@H]4[C@@H]([C@H]([C@@H]([C@H](O4)CO)O)O)O)O)O,5281807,"7-hydroxy-3-(4-hydroxyphenyl)-8-[(2S,3R,4R,5S,6R)-3,4,5-trihydroxy-6-(hydroxymethyl)oxan-2-yl]chromen-4-one","7-hydroxy-3-(4-hydroxyphenyl)-8-[(2S,3R,4R,5S,6R)-3,4,5-trihydroxy-6-(hydroxymethyl)oxan-2-yl]chromen-4-one",Puerarin,"Puerarin; 3681-99-0; Kakonein; Daidzein-8-C-glucoside; Puerarin 80 mm; Daidzein 8-c-glucoside; CHEBI:8633; NPI 031G; DTXSID30958020; 7-hydroxy-3-(4-hydroxyphenyl)-8-[(2S,3R,4R,5S,6R)-3,4,5-trihydroxy-6-(hydroxymethyl)oxan-2-yl]chromen-4-one"
CC[C@@]1(C2=C(COC1=O)C(=O)N3CC4=CC5=C(C=CC(=C5CN(C)C)O)N=C4C3=C2)O,60700,"(19S)-8-[(dimethylamino)methyl]-19-ethyl-7,19-dihydroxy-17-oxa-3,13-diazapentacyclo[11.8.0.02,11.04,9.015,20]henicosa-1(21),2,4(9),5,7,10,15(20)-heptaene-14,18-dione","(19S)-8-[(dimethylamino)methyl]-19-ethyl-7,19-dihydroxy-17-oxa-3,13-diazapentacyclo[11.8.0.02,11.04,9.015,20]henicosa-1(21),2,4(9),5,7,10,15(20)-heptaene-14,18-dione",topotecan,topotecan; 123948-87-8; Hycamptamine; Topotecan lactone; Nogitecan; Hycamptin; Topotecane; (S)-Topotecan; Topotecanum; Topophore C
C[N+]1(CCC2=CC(=C(C(=C2C1CC3=CC(=C(C(=C3)OC)OC)OC)OC)OC)OC)CCCOC(=O)CCC(=O)OCCC[N+]4(CCC5=CC(=C(C(=C5C4CC6=CC(=C(C(=C6)OC)OC)OC)OC)OC)OC)C,60169,"bis[3-[6,7,8-trimethoxy-2-methyl-1-[(3,4,5-trimethoxyphenyl)methyl]-3,4-dihydro-1H-isoquinolin-2-ium-2-yl]propyl] butanedioate","bis[3-[6,7,8-trimethoxy-2-methyl-1-[(3,4,5-trimethoxyphenyl)methyl]-3,4-dihydro-1H-isoquinolin-2-ium-2-yl]propyl] butanedioate",Doxacurium,"Doxacurium; Doxacurium ion; Doxacurium cation; bis[3-[6,7,8-trimethoxy-2-methyl-1-[(3,4,5-trimethoxyphenyl)methyl]-3,4-dihydro-1H-isoquinolin-2-ium-2-yl]propyl] butanedioate; DTXSID401019852; P40015Y3WW; bis(3-(6,7,8-trimethoxy-2-methyl-1-((3,4,5-trimethoxyphenyl)methyl)-3,4-dihydro-1H-isoquinolin-2-ium-2-yl)propyl) butanedioate; 7560511IZ6; RefChem:590412; CHEBI:4706"
C[C@@H](CC1=CC=CC=C1)N(C)CC2=CC=CC=C2,5311017,(2S)-N-benzyl-N-methyl-1-phenylpropan-2-amine,(2S)-N-benzyl-N-methyl-1-phenylpropan-2-amine,benzphetamine,benzphetamine; (+)-benzphetamine; Benzfetamina; (S)-benzphetamine; benzaphetamine; Benzfetaminum; (S)-(+)-benzphetamine; 156-08-1; N-Benzylmethamphetamin; D-N-Methyl-N-benzyl-beta-phenylisopropylamine
CCCN1C[C@@H](C[C@H]2[C@H]1CC3=CNC4=CC=CC2=C34)CSC,47811,"(6aR,9R,10aR)-9-(methylsulfanylmethyl)-7-propyl-6,6a,8,9,10,10a-hexahydro-4H-indolo[4,3-fg]quinoline","(6aR,9R,10aR)-9-(methylsulfanylmethyl)-7-propyl-6,6a,8,9,10,10a-hexahydro-4H-indolo[4,3-fg]quinoline",pergolide,"pergolide; Pergolida; Pergolidum; 66104-22-1; 24MJ822NZ9; DTXSID2023438; CHEBI:63617; Parkotil; Ergoline, 8-((methylthio)methyl)-6-propyl-, (8beta)-; (2R,4R,7R)-4-[(methylsulfanyl)methyl]-6-propyl-6,11-diazatetracyclo[7.6.1.0^{2,7}.0^{12,16}]hexadeca-1(16),9,12,14-tetraene"
CC1(C(=O)N(C(=O)N1)C2=CC(=C(C=C2)[N+](=O)[O-])C(F)(F)F)C,4493,"5,5-dimethyl-3-[4-nitro-3-(trifluoromethyl)phenyl]imidazolidine-2,4-dione","5,5-dimethyl-3-[4-nitro-3-(trifluoromethyl)phenyl]imidazolidine-2,4-dione",nilutamide,"nilutamide; 63612-50-0; Anandron; Nilandron; 5,5-dimethyl-3-(4-nitro-3-(trifluoromethyl)phenyl)imidazolidine-2,4-dione; Nilutamida; Nilutamidum; RU-23908; 5,5-dimethyl-3-[4-nitro-3-(trifluoromethyl)phenyl]imidazolidine-2,4-dione; RU 23908"
C[C@@H](CC1=CC=C(C=C1)OC)NC[C@H](C2=CC(=C(C=C2)O)NC=O)O,3034756,N-[2-hydroxy-5-[(1S)-1-hydroxy-2-[[(2S)-1-(4-methoxyphenyl)propan-2-yl]amino]ethyl]phenyl]formamide,N-[2-hydroxy-5-[(1S)-1-hydroxy-2-[[(2S)-1-(4-methoxyphenyl)propan-2-yl]amino]ethyl]phenyl]formamide,(+)-formoterol,"(+)-formoterol; 67346-48-9; DTXSID80110070; RefChem:1048948; DTXCID7065330; (S,S)-Formoterol; N-[2-hydroxy-5-[(1S)-1-hydroxy-2-[[(2S)-1-(4-methoxyphenyl)propan-2-yl]amino]ethyl]phenyl]formamide; N-{2-hydroxy-5-[(1S)-1-hydroxy-2-{[(2S)-1-(4-methoxyphenyl)propan-2-yl]amino}ethyl]phenyl}formamide; (S,S)-N-[2-hydroxy-5-[1-hydroxy-2-[[2-(4-methoxyphenyl)-1-methylethyl]amino]ethyl]phenyl]formaldehyde; NCGC00025167-01"
CCCN[C@@H]1CCC2=C([C@@H]1C)C=CC=C2OC,122334,"(1S,2R)-5-methoxy-1-methyl-N-propyl-1,2,3,4-tetrahydronaphthalen-2-amine","(1S,2R)-5-methoxy-1-methyl-N-propyl-1,2,3,4-tetrahydronaphthalen-2-amine",AJ 76,"AJ 76; 85379-09-5; AJ-76; 5-methoxy-1-methyl-2-(n-propylamino)tetralin; RefChem:915312; (1S,2R)-5-methoxy-1-methyl-N-propyl-1,2,3,4-tetrahydronaphthalen-2-amine; (+)-AJ76; (+)-AJ 76; CHEMBL27441; (1S,2R)-5-methoxy-1-methyl-2-(propylamino)tetralin"
CCN1C2=CC=CC=C2NC1=O,82320,3-ethyl-1H-benzimidazol-2-one,3-ethyl-1H-benzimidazol-2-one,10045-45-1,10045-45-1; 1-EBIO; 1-Ethyl-2-benzimidazolinone; 3-ethyl-1H-benzimidazol-2-one; M82W79SS4W; DTXSID70143296; 1-ethyl-2-benzimidazolone; RefChem:432381; DTXCID4065787; 233-148-1
CN\1CC(=O)N/C1=N\C(=O)NC2=CC(=CC=C2)Cl,135497698,1-(3-chlorophenyl)-3-(1-methyl-4-oxoimidazolidin-2-ylidene)urea,1-(3-chlorophenyl)-3-(1-methyl-4-oxoimidazolidin-2-ylidene)urea,Fenobam,"Fenobam; 57653-26-6; fenobam anhydrous; 3-(3-chlorophenyl)-1-(1-methyl-4-oxo-5H-imidazol-2-yl)urea; NPL2009; 078RCY7I27; NPL-2009; 1-(3-chlorophenyl)-3-(1-methyl-4-oxo-4,5-dihydro-1H-imidazol-2-yl)urea; Urea, N-(3-chlorophenyl)-N'-(4,5-dihydro-1-methyl-4-oxo-1H-imidazol-2-yl)-; RefChem:598884"
CC(C)C1=CC(=C(C=C1)OC)CN[C@@H]2[C@@H](N3CCC2CC3)C(C4=CC=CC=C4)C5=CC=CC=C5,188927,"(2S,3S)-2-benzhydryl-N-[(2-methoxy-5-propan-2-ylphenyl)methyl]-1-azabicyclo[2.2.2]octan-3-amine","(2S,3S)-2-benzhydryl-N-[(2-methoxy-5-propan-2-ylphenyl)methyl]-1-azabicyclo[2.2.2]octan-3-amine",Ezlopitant,"Ezlopitant; 147116-64-1; CJ-11974; 3L098A8MPY; CJ-11,974; CJ-11, 974; DTXSID601318557; 1-Azabicyclo(2.2.2)octan-3-amine, 2-(diphenylmethyl)-N-((2-methoxy-5-(1-methylethyl)phenyl)methyl)-, (2S-cis)-; (2S,3S)-2-(Diphenylmethyl)-3-((5-isopropyl-2-methoxybenzyl)amino)quinuclidine; (2S,3S,4S)-2-diphenylmethyl-3-(5-isopropyl-2-methoxybenzylamino)-1-azabicyclo(2.2.2)octane"
C1=CC=C(C=C1)NC(=O)CCCCCCC(=O)NO,5311,N'-hydroxy-N-phenyloctanediamide,N'-hydroxy-N-phenyloctanediamide,Vorinostat,Vorinostat; 149647-78-9; SAHA; suberoylanilide hydroxamic acid; N-hydroxy-N'-phenyloctanediamide; Zolinza; N1-hydroxy-N8-phenyloctanediamide; Suberanilohydroxamic acid; MK-0683; MK0683
CC(C1=CC=CC=N1)C2=C(CC3=CC=CC=C32)CCN(C)C,21855,"N,N-dimethyl-2-[3-(1-pyridin-2-ylethyl)-1H-inden-2-yl]ethanamine","N,N-dimethyl-2-[3-(1-pyridin-2-ylethyl)-1H-inden-2-yl]ethanamine",DIMETHINDENE,"DIMETHINDENE; Dimetindene; 5636-83-9; Dimethpyrindene; Forhistal; Dimetindeno; Dimetindenum; Feniallerg; N,N-dimethyl-2-[3-(1-pyridin-2-ylethyl)-1H-inden-2-yl]ethanamine; 2-(1-(2-(2-Dimethylaminoethyl)inden-3-yl)ethyl)pyridine"
CN(C)CCOC1=CC=CC=C1C2=NC(=C(N2)C3=CC=CC=C3)C4=CC=CC=C4,72164,"2-[2-(4,5-diphenyl-1H-imidazol-2-yl)phenoxy]-N,N-dimethylethanamine","2-[2-(4,5-diphenyl-1H-imidazol-2-yl)phenoxy]-N,N-dimethylethanamine",Trifenagrel,"Trifenagrel; 84203-09-8; Trifenagrelum; BW 325U; BW-325U; 59X5ME2O06; DTXSID90233128; 2-(o-(2-(Dimethylamino)ethoxy)phenyl)-4,5-diphenylimidazole; 2-(2-(2-dimethylaminoethoxy)phenyl)-4,5-diphenylimidazole; tifenagrel"
CC1=CC(=O)OC2=C1C=C3C=C(OC3=C2C)C,5585,"2,5,9-trimethylfuro[3,2-g]chromen-7-one","2,5,9-trimethylfuro[3,2-g]chromen-7-one",trioxsalen,"trioxsalen; 3902-71-4; Trioxysalen; Trimethylpsoralen; 4,5',8-Trimethylpsoralen; Trioxisaleno; Trioxysalene; 2',4,8-Trimethylpsoralen; Trioxysalenum; NSC71047"
CCOC(=O)[C@H](CCC1=CC=CC=C1)N[C@@H](C)C(=O)N2CC3=CC(=C(C=C3C[C@H]2C(=O)O)OC)OC,91270,"(3S)-2-[(2S)-2-[[(2S)-1-ethoxy-1-oxo-4-phenylbutan-2-yl]amino]propanoyl]-6,7-dimethoxy-3,4-dihydro-1H-isoquinoline-3-carboxylic acid","(3S)-2-[(2S)-2-[[(2S)-1-ethoxy-1-oxo-4-phenylbutan-2-yl]amino]propanoyl]-6,7-dimethoxy-3,4-dihydro-1H-isoquinoline-3-carboxylic acid",MOEXIPRIL,"MOEXIPRIL; 103775-10-6; Moexiprilum; (3S)-2-[(2S)-2-[[(2S)-1-ethoxy-1-oxo-4-phenylbutan-2-yl]amino]propanoyl]-6,7-dimethoxy-3,4-dihydro-1H-isoquinoline-3-carboxylic acid; WT87C52TJZ; RS-10085; DTXSID9023330; (3S)-2-((2S)-N-((1S)-1-Carboxy-3-phenylpropyl)alanyl)-1,2,3,4-tetrahydro-6,7-dimethoxy-3-isoquinolinecarboxylic acid, 2-ethyl ester; (3S)-2-[(2S)-2-{[(2S)-1-ethoxy-1-oxo-4-phenylbutan-2-yl]amino}propanoyl]-6,7-dimethoxy-1,2,3,4-tetrahydroisoquinoline-3-carboxylic acid; Moex"
CC(=O)OCC(=O)[C@@]12[C@@H](C[C@@H]3[C@@]1(C[C@@H]([C@]4([C@H]3CCC5=CC(=O)C=C[C@@]54C)F)O)C)OC6(O2)CCCC6,443958,"[2-[(1S,2S,4R,8S,9S,11S,12R,13S)-12-fluoro-11-hydroxy-9,13-dimethyl-16-oxospiro[5,7-dioxapentacyclo[10.8.0.02,9.04,8.013,18]icosa-14,17-diene-6,1'-cyclopentane]-8-yl]-2-oxoethyl] acetate","[2-[(1S,2S,4R,8S,9S,11S,12R,13S)-12-fluoro-11-hydroxy-9,13-dimethyl-16-oxospiro[5,7-dioxapentacyclo[10.8.0.02,9.04,8.013,18]icosa-14,17-diene-6,1'-cyclopentane]-8-yl]-2-oxoethyl] acetate",amcinonide,amcinonide; 51022-69-6; Cyclocort; Amcinonidum; Visderm; amcinonida; CL-34699; Triamcinolonacetatcyclopentanonid; CL 34699; DTXSID6045905
CCCNC(C)C(=O)NC1=CC=CC=C1C,4906,N-(2-methylphenyl)-2-(propylamino)propanamide,N-(2-methylphenyl)-2-(propylamino)propanamide,prilocaine,"prilocaine; 721-50-6; Propitocaine; prilocaine base; N-(2-Methylphenyl)-2-(propylamino)propanamide; Prilocaina; Prilocainum; Astra 1515; Propanamide, N-(2-methylphenyl)-2-(propylamino)-; o-Methyl-2-propylaminopropionanilide"
CC(CN1C2=CC=CC=C2SC3=C1C=C(C=C3)C(=O)C)N(C)C,26035,1-[10-[2-(dimethylamino)propyl]phenothiazin-2-yl]ethanone,1-[10-[2-(dimethylamino)propyl]phenothiazin-2-yl]ethanone,Aceprometazine,Aceprometazine; Acepromethazine; 13461-01-3; Aceprometazina; Aceprometazinum; 10-(2-(Dimethylamino)propyl)phenothiazin-2-yl methyl ketone; CB 1664; 984N9YTM4Y; CB-1664; CHEBI:53770
CC1=NC2=C(N1)CCN(C3=CC=CC=C32)C(=O)C4=CC=C(C=C4)NC(=O)C5=CC=CC=C5C6=CC=CC=C6,151171,"N-[4-(2-methyl-4,5-dihydro-3H-imidazo[4,5-d][1]benzazepine-6-carbonyl)phenyl]-2-phenylbenzamide","N-[4-(2-methyl-4,5-dihydro-3H-imidazo[4,5-d][1]benzazepine-6-carbonyl)phenyl]-2-phenylbenzamide",Conivaptan,"Conivaptan; 210101-16-9; YM087; YM-087; YM 087; 0NJ98Y462X; 4'-((4,5-dihydro-2-methylimidazo(4,5-d)(1)benzazepin-6(1H)-yl)carbonyl)-2-biphenylcarboxanilide; CHEBI:681850; DTXSID80175220; [1,1'-Biphenyl]-2-carboxamide, N-[4-[(4,5-dihydro-2-methylimidazo[4,5-d][1]benzazepin-6(1H)-yl)carbonyl]phenyl]-"
C1CNCCC1NC2=NC3=CC=CC=C3N2CC4=CC=C(C=C4)F,123618,1-[(4-fluorophenyl)methyl]-N-piperidin-4-ylbenzimidazol-2-amine,1-[(4-fluorophenyl)methyl]-N-piperidin-4-ylbenzimidazol-2-amine,Tecastemizole,Tecastemizole; Norastemizole; 75970-99-9; Tecastemizol; W5DCO14M05; R-43512; 1-((4-Flurophenyl)methyl)-N-4-piperidinyl-1H-benzimidazol-2-amine; DTXSID30226877; tecastemizolum; RefChem:891272
C[N+]1=CC=CC(=C1)OC(=O)N(C)C.[Br-],7550,"(1-methylpyridin-1-ium-3-yl) N,N-dimethylcarbamate bromide","(1-methylpyridin-1-ium-3-yl) N,N-dimethylcarbamate bromide",PYRIDOSTIGMINE BROMIDE,PYRIDOSTIGMINE BROMIDE; 101-26-8; Kalimin; Kalymin; Regonol; Regonal; Mestinon bromide; Pyridostigmini bromidum; Piridostigmina bromuro; NSC-679759
CC(=O)NCCC1=CC=CC2=C1C=C(C=C2)OC,82148,N-[2-(7-methoxynaphthalen-1-yl)ethyl]acetamide,N-[2-(7-methoxynaphthalen-1-yl)ethyl]acetamide,Agomelatine,Agomelatine; 138112-76-2; Thymanax; Valdoxan; S20098; S-20098; AGO-178; S 20098; Agomelatina; N-(2-(7-methoxy-1-naphthyl)ethyl)acetamide
CCNC(=O)NCCCOC1=CC=CC(=C1)CN2CCCCC2,129319,1-ethyl-3-[3-[3-(piperidin-1-ylmethyl)phenoxy]propyl]urea,1-ethyl-3-[3-[3-(piperidin-1-ylmethyl)phenoxy]propyl]urea,N-Ethyl-N'-(3-(3-(piperidinomethyl)phenoxy)propyl)urea,N-Ethyl-N'-(3-(3-(piperidinomethyl)phenoxy)propyl)urea; RefChem:927151; Dalcotidine; 120958-90-9; KU-1257; Dalcotidine [INN]; KU 1257; 1-ethyl-3-[3-[3-(piperidin-1-ylmethyl)phenoxy]propyl]urea; 9968S2UKFJ; DTXSID4048806
CC(=CCOC1=CC=C(C=C1)/C=C/C(=O)C2=C(C=C(C=C2)OCC=C(C)C)OCC(=O)O)C,5282219,2-[5-(3-methylbut-2-enoxy)-2-[(E)-3-[4-(3-methylbut-2-enoxy)phenyl]prop-2-enoyl]phenoxy]acetic acid,2-[5-(3-methylbut-2-enoxy)-2-[(E)-3-[4-(3-methylbut-2-enoxy)phenyl]prop-2-enoyl]phenoxy]acetic acid,sofalcone,"sofalcone; 64506-49-6; Solon; Sofalcona; Sofalconum; SU-88; 2B668TJX8E; (5-((3-Methyl-2-butenyl)oxy)-2-(p-((3-methyl-2-butenyl)oxy)cinnamoyl)phenoxy)acetic acid; Acetic acid, 2-(5-((3-methyl-2-buten-1-yl)oxy)-2-((2E)-3-(4-((3-methyl-2-buten-1-yl)oxy)phenyl)-1-oxo-2-propen-1-yl)phenoxy)-; DTXSID5023586"
C1CN(CCN1CCNC(=O)C2=CC=C(C=C2)F)C3=C4C(=CC=C3)O[C@H](CO4)CO,57347,"4-fluoro-N-[2-[4-[(2S)-2-(hydroxymethyl)-2,3-dihydro-1,4-benzodioxin-5-yl]piperazin-1-yl]ethyl]benzamide","4-fluoro-N-[2-[4-[(2S)-2-(hydroxymethyl)-2,3-dihydro-1,4-benzodioxin-5-yl]piperazin-1-yl]ethyl]benzamide",Flesinoxan,"Flesinoxan; 98206-10-1; flesinoxano; 3V574S89E1; flesinoxanum; 4-fluoro-N-(2-(4-((3S)-3-(hydroxymethyl)-2,3-dihydro-1,4-benzodioxin-8-yl)piperazin-1-yl)ethyl)benzamide; 4-fluoro-N-[2-[4-[(3S)-3-(hydroxymethyl)-2,3-dihydro-1,4-benzodioxin-8-yl]piperazin-1-yl]ethyl]benzamide; RefChem:140696; p-fluoro-N-(2-(4-(2-(hydroxymethyl)-1,4-benzodioxan-5-yl)-1-piperazinyl)ethyl)benzamide; Flesinoxan [INN]"
COC1=C(C=C(C=C1)NC(=O)[C@H](CCCCN)N)C(=O)N[C@@H](CCCCN)C(=O)NC2=CC(=C(C=C2)OC)C(=O)N[C@@H](CCCCN)C(=O)NC3=CC(=C(C=C3)OC)C(=O)N[C@@H](CCCCN)C(=O)NC4=CC(=C(C=C4)OC)C(=O)N,51349239,"N-[(2S)-6-amino-1-[3-[[(2S)-6-amino-1-[3-[[(2S)-6-amino-1-(3-carbamoyl-4-methoxyanilino)-1-oxohexan-2-yl]carbamoyl]-4-methoxyanilino]-1-oxohexan-2-yl]carbamoyl]-4-methoxyanilino]-1-oxohexan-2-yl]-5-[[(2S)-2,6-diaminohexanoyl]amino]-2-methoxybenzamide","N-[(2S)-6-amino-1-[3-[[(2S)-6-amino-1-[3-[[(2S)-6-amino-1-(3-carbamoyl-4-methoxyanilino)-1-oxohexan-2-yl]carbamoyl]-4-methoxyanilino]-1-oxohexan-2-yl]carbamoyl]-4-methoxyanilino]-1-oxohexan-2-yl]-5-[[(2S)-2,6-diaminohexanoyl]amino]-2-methoxybenzamide",DELPARANTAG,DELPARANTAG; PMX-60056; Delparantag [USAN]; Delparantag [USAN:INN]; UNII-FSY46235ZO; PMX 60056; FSY46235ZO; DELPARANTAG [INN]; DELPARANTAG [WHO-DD]; DTXSID50236236
C1CN(CCN1)C2=NC3=CC=CC=C3N2CC4=CC=CC=C4,65997,1-benzyl-2-piperazin-1-ylbenzimidazole,1-benzyl-2-piperazin-1-ylbenzimidazole,Lerisetron,Lerisetron; 143257-98-1; Q36R82SXRG; 1-Benzyl-2-(1-piperazinyl)benzimidazole; DTXSID90162368; lerisetronum; RefChem:152881; DTXCID5084859; F-0930-RS2; 1-Phenyl-Methyl-2-Piperazinyl-1H-Benzimidazole Hydrochloride
C1CN(CCN1)C2=C3C(=CC=C2)OCCO3,65853,"1-(2,3-dihydro-1,4-benzodioxin-5-yl)piperazine","1-(2,3-dihydro-1,4-benzodioxin-5-yl)piperazine",Eltoprazine,"Eltoprazine; 98224-03-4; Eltoprazina; 1-(2,3-dihydro-1,4-benzodioxin-5-yl)piperazine; Eltoprazinum; DU-28853; 510M006KO6; DTXSID5048425; RefChem:136558; DTXCID3028398"
CN1C2=C(C=C(C=C2)Cl)C(=NC(C1=O)O)C3=CC=CC=C3Cl,13314,"7-chloro-5-(2-chlorophenyl)-3-hydroxy-1-methyl-3H-1,4-benzodiazepin-2-one","7-chloro-5-(2-chlorophenyl)-3-hydroxy-1-methyl-3H-1,4-benzodiazepin-2-one",Lormetazepam,"Lormetazepam; Methyllorazepam; N-Methyllorazepam; Loramet; 848-75-9; Lormetazepamum; Chlorotemazepam; WY-4082; 7-Chloro-5-(2-chlorophenyl)-1,3-dihydro-3-hydroxy-1-methyl-2H-1,4-benzodiazepin-2-one; 7-Chloro-5-(o-chlorophenyl)-1,3-dihydro-3-hydroxy-1-methyl-2H-1,4-benzodiazepin-2-one"
CN1CCOC(C2=CC=CC=C2C1)C3=CC=CC=C3,4450,"5-methyl-1-phenyl-1,3,4,6-tetrahydro-2,5-benzoxazocine","5-methyl-1-phenyl-1,3,4,6-tetrahydro-2,5-benzoxazocine",nefopam,"nefopam; 13669-70-0; Fenazoxine; Nefopamum; 1H-2,5-Benzoxazocine, 3,4,5,6-tetrahydro-5-methyl-1-phenyl-; 4UP8060B7J; DTXSID2048535; 3,4,5,6-Tetrahydro-5-methyl-1-phenyl-1H-2,5-benzoxazocin; Nefopam, Silentan; RefChem:832138"
C1C(=O)NC2=C(C=C(C=C2)[N+](=O)[O-])C(=N1)C3=CC=CC=C3,4506,"7-nitro-5-phenyl-1,3-dihydro-1,4-benzodiazepin-2-one","7-nitro-5-phenyl-1,3-dihydro-1,4-benzodiazepin-2-one",nitrazepam,nitrazepam; Benzalin; 146-22-5; Mogadon; Radedorm; Apodorm; Calsmin; Eunoctin; Neozepam; Neuchlonic
C1NC2=C(C=C(C(=C2)C(F)(F)F)S(=O)(=O)N)S(=O)(=O)N1,3647,"1,1-dioxo-6-(trifluoromethyl)-3,4-dihydro-2H-1lambda6,2,4-benzothiadiazine-7-sulfonamide","1,1-dioxo-6-(trifluoromethyl)-3,4-dihydro-2H-1lambda6,2,4-benzothiadiazine-7-sulfonamide",hydroflumethiazide,hydroflumethiazide; 135-09-1; Diuredemina; Diucardin; Glomerulin; Saluron; Hidroflumetiazid; Hydroflumethizide; Diurometon; Flutizide
CCCOC1=C(C=C(C=C1)C(=O)OCCN(CC)CC)N,4935,2-(diethylamino)ethyl 3-amino-4-propoxybenzoate,2-(diethylamino)ethyl 3-amino-4-propoxybenzoate,proparacaine,"proparacaine; Proxymetacaine; 499-67-2; 2-(Diethylamino)ethyl 3-amino-4-propoxybenzoate; Proximetacainum; Proximetacaina; Prossimetacaina; Proxymetacainum; 3-Amino-4-propoxybenzoic acid 2-(diethylamino)ethyl ester; BENZOIC ACID, 3-AMINO-4-PROPOXY-, 2-(DIETHYLAMINO)ETHYL ESTER"
C1=CC=C(C=C1)C2=NC3=C(N=C(N=C3N=C2N)N)N,5546,"6-phenylpteridine-2,4,7-triamine","6-phenylpteridine-2,4,7-triamine",triamterene,"triamterene; 396-01-0; 6-phenylpteridine-2,4,7-triamine; 2,4,7-Triamino-6-phenylpteridine; Dyrenium; Dytac; Pterophene; Triamteren; Diurene; Noridil"
CCN1C(=O)C(NC1=O)C2=CC=CC=C2,3292,"3-ethyl-5-phenylimidazolidine-2,4-dione","3-ethyl-5-phenylimidazolidine-2,4-dione",ethotoin,"ethotoin; 86-35-1; Peganone; 3-Ethyl-5-phenylhydantoin; 3-ethyl-5-phenylimidazolidine-2,4-dione; Accenon; Ethotoine; Etotoina; Ethotoinum; 3-Ethyl-5-phenylimidazolidin-2,4-dione"
CCN(CC)CCOC1=CC=C(C=C1)C(=C(C2=CC=CC=C2)Cl)C3=CC=CC=C3,2800,"2-[4-(2-chloro-1,2-diphenylethenyl)phenoxy]-N,N-diethylethanamine","2-[4-(2-chloro-1,2-diphenylethenyl)phenoxy]-N,N-diethylethanamine",clomiphene,"clomiphene; Clomiphene B; 911-45-5; Chlomaphene; Chloramifene; Clomifen; 2-(p-(2-Chloro-1,2-diphenylvinyl)phenoxy)triethylamine; 1HRS458QU2; DTXSID1022843; 2-(p-(beta-chloro-alpha-phenylstyryl)phenoxy)triethylamine"
CC1=CC=CC=C1O[C@H](CCNC)C2=CC=CC=C2,54841,(3R)-N-methyl-3-(2-methylphenoxy)-3-phenylpropan-1-amine,(3R)-N-methyl-3-(2-methylphenoxy)-3-phenylpropan-1-amine,Atomoxetine,Atomoxetine; 83015-26-3; Tomoxetine; (-)-Tomoxetine; Tomoxetina; Tomoxetinum; Tomoxetinum [Latin]; Atomoxetina; ASW034S0B8; methyl[(3R)-3-(2-methylphenoxy)-3-phenylpropyl]amine
CN1CCN2C(C1)C3=CC=CC=C3CC4=CC=CC=C42,4184,"5-methyl-2,5-diazatetracyclo[13.4.0.02,7.08,13]nonadeca-1(19),8,10,12,15,17-hexaene","5-methyl-2,5-diazatetracyclo[13.4.0.02,7.08,13]nonadeca-1(19),8,10,12,15,17-hexaene",mianserin,"mianserin; Mianserine; 24219-97-4; Mianserina; Mianserinum; Tolvon; 1,2,3,4,10,14b-Hexahydro-2-methyldibenzo(c,f)pyrazino(1,2-a)azepine; 250PJI13LM; DTXSID6023317; J16.389I"
CCC(=O)N(C1CCN(CC1)CCC2=CC=CC=C2)C3=CC=CC=C3,3345,N-phenyl-N-[1-(2-phenylethyl)piperidin-4-yl]propanamide,N-phenyl-N-[1-(2-phenylethyl)piperidin-4-yl]propanamide,fentanyl,fentanyl; Phentanyl; Fentanil; Fentanest; Duragesic; 437-38-7; Fentanila; Fentanylum; Sublimase; Durogesic
C1CN=C(N1)CN(CC2=CC=CC=C2)C3=CC=CC=C3,2200,"N-benzyl-N-(4,5-dihydro-1H-imidazol-2-ylmethyl)aniline","N-benzyl-N-(4,5-dihydro-1H-imidazol-2-ylmethyl)aniline",antazoline,antazoline; 91-75-8; Phenazoline; Antihistal; Antastan; Antasten; Antistine; Histostab; Imidamine; Azalone
CC1=C(C(=CC=C1)C)NC(=O)C(C)N,38945,"2-amino-N-(2,6-dimethylphenyl)propanamide","2-amino-N-(2,6-dimethylphenyl)propanamide",tocainide,"tocainide; 41708-72-9; 2-AMINO-N-(2,6-DIMETHYLPHENYL)PROPANAMIDE; Tocainida; Tocainidum; Alanyl-2,6-xylidide; 2-Amino-2',6'-propionoxylidide; Astra W 36095; W-36095; 2-Amino-N-(2,6-dimethylphenyl)propionamid"
CC1=CC=C(C=C1)N(CC2=NCCN2)C3=CC(=CC=C3)O,5775,"3-[N-(4,5-dihydro-1H-imidazol-2-ylmethyl)-4-methylanilino]phenol","3-[N-(4,5-dihydro-1H-imidazol-2-ylmethyl)-4-methylanilino]phenol",phentolamine,phentolamine; 50-60-2; Regitin; Dibasin; Fentolamin; Fentolamina; Rogitine; Phentolaminum; C 7337 Ciba; Phentolamin
CC[C@H](C)C(=O)O[C@H]1C[C@H](C=C2[C@H]1[C@H]([C@H](C=C2)C)CC[C@@H]3C[C@H](CC(=O)O3)O)C,53232,"[(1S,3R,7S,8S,8aR)-8-[2-[(2R,4R)-4-hydroxy-6-oxooxan-2-yl]ethyl]-3,7-dimethyl-1,2,3,7,8,8a-hexahydronaphthalen-1-yl] (2S)-2-methylbutanoate","[(1S,3R,7S,8S,8aR)-8-[2-[(2R,4R)-4-hydroxy-6-oxooxan-2-yl]ethyl]-3,7-dimethyl-1,2,3,7,8,8a-hexahydronaphthalen-1-yl] (2S)-2-methylbutanoate",lovastatin,lovastatin; 75330-75-5; mevinolin; Monacolin K; Mevacor; Altoprev; Mevlor; Sivlor; Altocor; MK-803
CC(=O)C1=C(C=CC2=C1OC(=O)C=C2)OCC3=CC=CC=C3,14101447,8-acetyl-7-phenylmethoxychromen-2-one,8-acetyl-7-phenylmethoxychromen-2-one,4SJE4EN2VV,4SJE4EN2VV; 65535-49-1; UNII-4SJE4EN2VV; 8-Ethanoyl-7-phenylmethoxy-chromen-2-one; CHEMBL1290111; 8-acetyl-7-(benzyloxy)-2H-chromen-2-one; SCHEMBL7518570; DTXSID60555920; BDBM50332028; PD183246
CC(=O)C1=C(C=C2C(=C1)C=CC(=O)O2)O,5705744,6-acetyl-7-hydroxychromen-2-one,6-acetyl-7-hydroxychromen-2-one,6-acetyl-7-hydroxychromen-2-one,"6-acetyl-7-hydroxychromen-2-one; 6-Acetyl-7-hydroxy-2H-1-benzopyran-2-one; 2H-1-Benzopyran-2-one, 6-acetyl-7-hydroxy-; 59LFP758NA; 6835-55-8; 6-Ethanoyl-7-oxidanyl-chromen-2-one; UNII-59LFP758NA; CHEMBL1288534; 6-Acetyl-7-hydroxy-2H-chromen-2-one; 6-acetyl-7-hydroxycoumarin"
CCC(=O)C1=C(C=C2C(=C1)C=CC(=O)O2)O,52949920,7-hydroxy-6-propanoylchromen-2-one,7-hydroxy-6-propanoylchromen-2-one,7-hydroxy-6-propanoylcoumarin,7-hydroxy-6-propanoylcoumarin; F7TK7AU3MZ; UNII-F7TK7AU3MZ; 144582-52-5; 7-Oxidanyl-6-propanoyl-chromen-2-one; CHEMBL1288535; 7-hydroxy-6-propionyl-2H-chromen-2-one; BDBM50332034; PD183127
CC(=O)C1=C(C=CC2=C1OC(=O)C=C2)O,5411574,8-acetyl-7-hydroxychromen-2-one,8-acetyl-7-hydroxychromen-2-one,8-Acetyl-7-hydroxycoumarin,8-Acetyl-7-hydroxycoumarin; 6748-68-1; 8-acetyl-7-hydroxychromen-2-one; QD6QWL7EQR; DTXSID40419935; RefChem:547536; DTXCID70370782; 623-154-6; 8-acetyl-7-hydroxy-2H-chromen-2-one; CHEMBL446518
CCC(=O)C1=C(C=CC2=C1OC(=O)C=C2)O,52943164,7-hydroxy-8-propanoylchromen-2-one,7-hydroxy-8-propanoylchromen-2-one,7-hydroxy-8-propionyl-coumarin,"7-hydroxy-8-propionyl-coumarin; 7-hydroxy-8-propionylcoumarin; XFH3YU7A9E; UNII-XFH3YU7A9E; 67752-18-5; 7-Oxidanyl-8-propanoyl-chromen-2-one; CHEMBL1288557; 7-Hydroxy-8-(1-oxopropyl)-2H-1-benzopyran-2-one; 2H-1-Benzopyran-2-one, 7-hydroxy-8-(1-oxopropyl)-; 7-hydroxy-8-propionyl-2H-chromen-2-one"
CC(C)OC1=CC2=C(C=C1)C(=O)C(=CO2)C3=CC=CC=C3,3747,3-phenyl-7-propan-2-yloxychromen-4-one,3-phenyl-7-propan-2-yloxychromen-4-one,ipriflavone,ipriflavone; 35212-22-7; Osten; Yambolap; 7-Isopropoxyisoflavone; Ipriflavona; Ipriflavonum; Ostivone; 3-phenyl-7-(propan-2-yloxy)-4H-chromen-4-one; 7-(1-Methylethoxy)-3-phenyl-4H-1-benzopyran-4-one
C1=CC2=C(C=C1O)OC3=C2C(=O)OC4=C3C=CC(=C4)O,5281707,"3,9-dihydroxy-[1]benzofuro[3,2-c]chromen-6-one","3,9-dihydroxy-[1]benzofuro[3,2-c]chromen-6-one",COUMESTROL,"COUMESTROL; 479-13-0; Cumoestrol; Cumostrol; 3,9-Dihydroxycoumestan; DTXSID6022399; V7NW98OB34; 3,9-dihydroxy-[1]benzofuro[3,2-c]chromen-6-one; 3,9-Dihydroxy-6H-benzofuro(3,2-c)(1)benzopyran-6-one; 6H-Benzofuro[3,2-c][1]benzopyran-6-one, 3,9-dihydroxy-"
CC(=CCC1=C(C=CC2=C1OC3=C2COC4=C3C=C(C(=C4)O)C=O)O)C,46861837,"3,9-dihydroxy-10-(3-methylbut-2-enyl)-6H-[1]benzofuro[3,2-c]chromene-2-carbaldehyde","3,9-dihydroxy-10-(3-methylbut-2-enyl)-6H-[1]benzofuro[3,2-c]chromene-2-carbaldehyde",Erythribyssin O,"Erythribyssin O; 3,9-dihydroxy-10-(3-methylbut-2-enyl)-6H-(1)benzofuro(3,2-c)chromene-2-carbaldehyde; 3,9-dihydroxy-10-(3-methylbut-2-enyl)-6H-[1]benzofuro[3,2-c]chromene-2-carbaldehyde; RefChem:137744; CHEMBL1096406; BDBM50317435"
CC(=CCC1=CC2=C(C=C1O)OCC3=C2OC4=C3C=CC(=C4CC=C(C)C)O)C,10362969,"2,10-bis(3-methylbut-2-enyl)-6H-[1]benzofuro[3,2-c]chromene-3,9-diol","2,10-bis(3-methylbut-2-enyl)-6H-[1]benzofuro[3,2-c]chromene-3,9-diol",Erycristagallin,"Erycristagallin; 3,9-Dihydroxy-2,10-diprenylpterocarpene; 2,10-bis(3-methylbut-2-enyl)-6H-(1)benzofuro(3,2-c)chromene-3,9-diol; 2,10-bis(3-methylbut-2-enyl)-6H-[1]benzofuro[3,2-c]chromene-3,9-diol; RefChem:921138; 3,9-dihydroxy-2,10-di(gamma,gamma-dimethylallyl)-6a,11a-dehydropterocarpan; Erycrystagallin; CHEMBL462699; 3,9-dihydroxy-2,10-diprenylpterocap-6a-ene; SCHEMBL571693"
CC(=CCC1=C(C=CC2=C1OC3=C2COC4=C3C=CC(=C4)O)OC)C,15546808,"9-methoxy-10-(3-methylbut-2-enyl)-6H-[1]benzofuro[3,2-c]chromen-3-ol","9-methoxy-10-(3-methylbut-2-enyl)-6H-[1]benzofuro[3,2-c]chromen-3-ol",eryvarin D,"eryvarin D; 9-methoxy-10-(3-methylbut-2-enyl)-6H-(1)benzofuro(3,2-c)chromen-3-ol; 9-methoxy-10-(3-methylbut-2-enyl)-6H-[1]benzofuro[3,2-c]chromen-3-ol; RefChem:137815; 406676-79-7; CHEMBL1097045; BDBM50317434"
CC(C)OC1=CC2=C(C=C1)C(=O)C3=C(O2)C=CC(=C3)C(=O)O,119461,9-oxo-6-propan-2-yloxyxanthene-2-carboxylic acid,9-oxo-6-propan-2-yloxyxanthene-2-carboxylic acid,33458-93-4,"33458-93-4; 6-Isopropoxy-9-oxoxanthene-2-carboxylic acid; AH-6809; 6-(1-Methylethoxy)-9-oxo-9H-xanthene-2-carboxylic acid; 9H-Xanthene-2-carboxylic acid, 6-(1-methylethoxy)-9-oxo-; DTXSID80187106; NU957VN2AW; RefChem:104882; DTXCID50109597; AH 6809"
CC1=C(C=CC2=C1OC(=O)C3=CC=CC=C23)OCC(=O)C,701990,4-methyl-3-(2-oxopropoxy)benzo[c]chromen-6-one,4-methyl-3-(2-oxopropoxy)benzo[c]chromen-6-one,4-Methyl-3-(2-oxopropoxy)-6H-benzo[c]chromen-6-one,"4-Methyl-3-(2-oxopropoxy)-6H-benzo[c]chromen-6-one; 307551-49-1; MFCD02081431; 4-methyl-3-(2-oxopropoxy)benzo[c]chromen-6-one; CHEMBL488072; CBMicro_001512; CHEMBRDG-BB 6146055; 3,4-Benzo-7-acetonyloxy-8-methylcoumarin; SMSF0015505; BDBM50246269"
C1=CC(=O)OC2=C(C3=C(C=CO3)C=C21)OCCCN,11708692,"9-(3-aminopropoxy)furo[3,2-g]chromen-7-one","9-(3-aminopropoxy)furo[3,2-g]chromen-7-one",119802-72-1,"119802-72-1; 4BME3JM45W; UNII-4BME3JM45W; CHEMBL382645; 9-(3-Azanylpropoxy)furo(3,2-g)chromen-7-one; 7H-Furo(3,2-g)(1)benzopyran-7-one, 9-(3-aminopropoxy)-; 9-(3-aminopropoxy)furo[3,2-g]chromen-7-one; 9-(3-aminopropoxy)-7H-furo[3,2-g]chromen-7-one; SCHEMBL17373028; DTXSID90470955"
CC1=CC=C(C=C1)C2CC(=O)C3=C(O2)C=C(C=C3)OC,15098246,"7-methoxy-2-(4-methylphenyl)-2,3-dihydrochromen-4-one","7-methoxy-2-(4-methylphenyl)-2,3-dihydrochromen-4-one",(+/-)-7-methoxy-2-p-tolylchroman-4-one,(+/-)-7-methoxy-2-p-tolylchroman-4-one; CHEMBL602141; SCHEMBL13394439; BDBM50310191
CC1=CC=C(C=C1)C2=CC(=O)C3=C(O2)C=C(C=C3)OC,930709,7-methoxy-2-(4-methylphenyl)chromen-4-one,7-methoxy-2-(4-methylphenyl)chromen-4-one,108980-49-0,108980-49-0; 7-methoxy-2-(4-methylphenyl)chromen-4-one; 7-methoxy-2-(4-methylphenyl)-4H-chromen-4-one; CHEMBL17052; 7-methoxy-2-(p-tolyl)-4H-chromen-4-one; 7-methoxy-2-p-tolyl-4H-chromen-4-one; 7-Methoxy-2-p-tolyl-chromen-4-one; BDBM50310185; STK893155; AKOS002182021
CC(C)CC(=O)C1=C(C=C(C2=C1OC(=O)C=C2C3=CC=CC=C3)O)O,6483316,"5,7-dihydroxy-8-(3-methylbutanoyl)-4-phenylchromen-2-one","5,7-dihydroxy-8-(3-methylbutanoyl)-4-phenylchromen-2-one",ISODISPAR B,"ISODISPAR B; CHEMBL198873; 98192-64-4; orb1744458; SCHEMBL29516983; BDBM50172747; HY-N10304; CS-0373938; 5,7-Dihydroxy-8-(3-methyl-butyryl)-4-phenyl-chromen-2-one; 5,7-dihydroxy-8-(3-methylbutanoyl)-4-phenyl-chromen-2-one"
CC1=C(C=CC2=C1OC(=O)C3=CC=CC=C23)OCC(=C)Br,25139469,3-(2-bromoprop-2-enoxy)-4-methylbenzo[c]chromen-6-one,3-(2-bromoprop-2-enoxy)-4-methylbenzo[c]chromen-6-one,CHEMBL487235,"CHEMBL487235; 3,4-Benzo-7-(beta-bromoallyloxy)-8-methylcoumarin; BDBM50246306; PD181090"
C1C(OC2=C(C1=O)C=CC(=C2)O)C3=CC=CC=C3,1890,"7-hydroxy-2-phenyl-2,3-dihydrochromen-4-one","7-hydroxy-2-phenyl-2,3-dihydrochromen-4-one",7-Hydroxyflavanone,"7-Hydroxyflavanone; 6515-36-2; 7-hydroxy-2-phenyl-2,3-dihydrochromen-4-one; DTXSID0022430; 4H-1-Benzopyran-4-one, 2,3-dihydro-7-hydroxy-2-phenyl-; CC64495H41; 2,3-dihydro-7-hydroxy-2-phenyl-4H-1-benzopyran-4-one; J502.873F; CHEBI:34483; RefChem:546584"
COC1=CC2=C(C=C1)C(=O)CC(O2)C3=CC=C(C=C3)F,15731432,"2-(4-fluorophenyl)-7-methoxy-2,3-dihydrochromen-4-one","2-(4-fluorophenyl)-7-methoxy-2,3-dihydrochromen-4-one",CHEMBL598746,CHEMBL598746; SCHEMBL30674787; PD177776
COC1=CC2=C(C=C1)C(=O)C[C@@H](O2)C3=CC=C(C=C3)F,46232144,"(2R)-2-(4-fluorophenyl)-7-methoxy-2,3-dihydrochromen-4-one","(2R)-2-(4-fluorophenyl)-7-methoxy-2,3-dihydrochromen-4-one",CHEMBL600385,CHEMBL600385; (R)(+)-2-(4-fluorophenyl)-7-methoxychroman-4-one; BDBM50310166; PD178223
COC1=CC2=C(C=C1)C(=O)C[C@H](O2)C3=CC=C(C=C3)F,46232145,"(2S)-2-(4-fluorophenyl)-7-methoxy-2,3-dihydrochromen-4-one","(2S)-2-(4-fluorophenyl)-7-methoxy-2,3-dihydrochromen-4-one",CHEMBL598096,CHEMBL598096; (S)(+)-2-(4-fluorophenyl)-7-methoxychroman-4-one; BDBM50310165; PD178337
CC1=CC(=O)C2=C(C3=C(C(=C2O1)OC)OC=C3)OC,3828,"4,9-dimethoxy-7-methylfuro[3,2-g]chromen-5-one","4,9-dimethoxy-7-methylfuro[3,2-g]chromen-5-one",khellin,khellin; 82-02-0; Visammin; Viscardan; Khelloyd; Ammivin; Kellina; Khelline; Khellinum; Quelina
C1[C@H](OC2=C(C1=O)C=CC(=C2)O)C3=CC=C(C=C3)O,114829,"(2S)-7-hydroxy-2-(4-hydroxyphenyl)-2,3-dihydrochromen-4-one","(2S)-7-hydroxy-2-(4-hydroxyphenyl)-2,3-dihydrochromen-4-one",Liquiritigenin,"Liquiritigenin; 578-86-9; (2S)-liquiritigenin; 7,4'-Dihydroxyflavanone; (-)-liquiritigenin; (2S)-7-hydroxy-2-(4-hydroxyphenyl)-2,3-dihydrochromen-4-one; T194LKP9W6; CHEBI:28777; DTXSID90206493; (2S)-7-Hydroxy-2-(4-hydroxyphenyl)-2,3-dihydro-4H-1-benzopyran-4-one"
COC1=CC=C(C=C1)/C=C/CCCCOC2=C(C3=C(C=C2)C(=O)C4=C(O3)C=CC(=C4)C(=O)O)CCC(=O)O,6450158,5-(2-carboxyethyl)-6-[(E)-6-(4-methoxyphenyl)hex-5-enoxy]-9-oxoxanthene-2-carboxylic acid,5-(2-carboxyethyl)-6-[(E)-6-(4-methoxyphenyl)hex-5-enoxy]-9-oxoxanthene-2-carboxylic acid,148291-65-0,"148291-65-0; LY210073; LY 210073; LY-210073; RefChem:154490; CHEMBL49210; 9H-Xanthene-4-propanoic acid, 7-carboxy-3-((6-(4-methoxyphenyl)-5-hexenyl)oxy)-9-oxo-, (E)-; 5-(2-carboxyethyl)-6-[(E)-6-(4-methoxyphenyl)hex-5-enoxy]-9-oxoxanthene-2-carboxylic acid; (E)-7-Carboxy-3-((6-(4-methoxyphenyl)-5-hexenyl)oxy)-9-oxo-9H-xanthene-4-propanoic acid; 7-Carboxy-3-((6-(methoxyphenyl)-5(E)-hexenyl)oxy)-9-oxo-9H-xanthene-4-propanoic acid"
COC1=CC2=C(C=C1)C(=O)C=C(O2)C3=CC=C(C=C3)F,10378415,2-(4-fluorophenyl)-7-methoxychromen-4-one,2-(4-fluorophenyl)-7-methoxychromen-4-one,CHEMBL344504,CHEMBL344504; 2-(4-fluorophenyl)-7-methoxy-4H-chromen-4-one; SCHEMBL9142214; SCHEMBL30674786; BDBM50310198; PD179928; 2-(4-Fluoro-phenyl)-7-methoxy-chromen-4-one
COC1=C2C(=CC3=C1OC(=O)C(=C3)N)C=CO2,44563082,"6-amino-9-methoxyfuro[3,2-g]chromen-7-one","6-amino-9-methoxyfuro[3,2-g]chromen-7-one",CHEMBL504356,"CHEMBL504356; 6-amino-9-methoxy-7H-furo[3,2-g]chromen-7-one; BDBM50246308; PD182826"
CC(=CCC1=CC(=CC(=C1O)CC=C(C)C)C2CC(=O)C3=C(O2)C=C(C=C3)O)C,4063835,"7-hydroxy-2-[4-hydroxy-3,5-bis(3-methylbut-2-enyl)phenyl]-2,3-dihydrochromen-4-one","7-hydroxy-2-[4-hydroxy-3,5-bis(3-methylbut-2-enyl)phenyl]-2,3-dihydrochromen-4-one",Abyssinone IV,"Abyssinone IV; 7-Hydroxy-2-[4-hydroxy-3,5-bis-(3-methylbut-2-enyl)phenyl]chroman-4-one; Abysinnone IV; SCHEMBL29377956; CHEBI:186357; LMPK12140038; 7-hydroxy-2-[4-hydroxy-3,5-bis(3-methylbut-2-enyl)phenyl]-2,3-dihydrochromen-4-one; AO-166/21204006; 2,3-dihydro-7-hydroxy-2-[4-hydroxy-3,5-bis(3-methyl-2-butenyl)phenyl]-4h -1-benzopyran-4-one"
CC(=CCC1=C(C=CC2=C1O[C@@H](CC2=O)C3=C(C=C(C=C3)O)O)O)C,44593508,"(2S)-2-(2,4-dihydroxyphenyl)-7-hydroxy-8-(3-methylbut-2-enyl)-2,3-dihydrochromen-4-one","(2S)-2-(2,4-dihydroxyphenyl)-7-hydroxy-8-(3-methylbut-2-enyl)-2,3-dihydrochromen-4-one",(2S)-euchrenone a7,"(2S)-euchrenone a7; RefChem:68974; (2S)-2-(2,4-dihydroxyphenyl)-7-hydroxy-8-(3-methylbut-2-enyl)-2,3-dihydrochromen-4-one; 130252-50-5; CHEMBL457686; JJOUBYOHNYJCOU-IBGZPJMESA-N; BDBM50251006"
C1CCC(C1)OC2=CC3=C(C=C2)C(=O)C(=CO3)C4=CC=C(C=C4)O,46914767,7-cyclopentyloxy-3-(4-hydroxyphenyl)chromen-4-one,7-cyclopentyloxy-3-(4-hydroxyphenyl)chromen-4-one,SCHEMBL1700973,SCHEMBL1700973; CHEMBL1214902; PD183100
CC1=C(C2=C(C=C1O)OC(CC2=O)C3=CC=C(C=C3)O)O,301798,"5,7-dihydroxy-2-(4-hydroxyphenyl)-6-methyl-2,3-dihydrochromen-4-one","5,7-dihydroxy-2-(4-hydroxyphenyl)-6-methyl-2,3-dihydrochromen-4-one",Poriol,"Poriol; 14348-16-4; 5,7-Dihydroxy-2-(4-hydroxyphenyl)-6-methyl-2,3-dihydro-4H-chromen-4-one; DTXSID001029318; RefChem:1096511; DTXCID901514588; 5,7-dihydroxy-2-(4-hydroxyphenyl)-6-methyl-2,3-dihydrochromen-4-one; 5,7-dihydroxy-2-(4-hydroxyphenyl)-6-methylchroman-4-one; (2S)-4',5,7-Trihydroxy-6-methylflavanone; NSC180246"
CC1=C(C=CC2=C1OC(=O)C3=CC=CC=C23)O,5348729,3-hydroxy-4-methylbenzo[c]chromen-6-one,3-hydroxy-4-methylbenzo[c]chromen-6-one,3-hydroxy-4-methyl-6H-benzo[c]chromen-6-one,"3-hydroxy-4-methyl-6H-benzo[c]chromen-6-one; 76244-77-4; 3-hydroxy-4-methylbenzo[c]chromen-6-one; MFCD02081283; CHEMBL203519; 3-Hydroxy-4-methyl-6H-dibenzo[b,d]pyran-6-one; 6H-Dibenzo[b,d]pyran-6-one, 3-hydroxy-4-methyl-; CBMicro_031406; Oprea1_200366; SCHEMBL6825266"
